<?xml version="1.0" encoding="UTF-8"?>
<!--

  Licensed to the Apache Software Foundation (ASF) under one or more
  contributor license agreements.  See the NOTICE file distributed with
  this work for additional information regarding copyright ownership.
  The ASF licenses this file to You under the Apache License, Version 2.0
  (the "License"); you may not use this file except in compliance with
  the License.  You may obtain a copy of the License at

      http://www.apache.org/licenses/LICENSE-2.0

  Unless required by applicable law or agreed to in writing, software
  distributed under the License is distributed on an "AS IS" BASIS,
  WITHOUT WARRANTIES OR CONDITIONS OF ANY KIND, either express or implied.
  See the License for the specific language governing permissions and
  limitations under the License.

-->
<!-- externalTextFlow.xml -->
<TextFlow xmlns="http://ns.adobe.com/textLayout/2008">
    <p fontSize="24">External TextFlow</p>
    <p>1) Lorem ipsum dolor sit amet, consectetur adipiscing elit. Vivamus aliquet tristique libero, vel mattis massa pellentesque nec. Maecenas non nulla nibh, et egestas ligula. Etiam massa mauris, elementum gravida rhoncus sit amet, blandit eu lacus. Proin nisi felis, accumsan at interdum eu, mattis at velit. Nulla at ipsum risus. Nullam non justo vel lacus vulputate mollis id quis libero.</p>
    <p>2) Cras posuere posuere sem, eu congue orci mattis quis. Morbi vitae est ut purus vestibulum iaculis malesuada quis metus. Donec feugiat sapien quis turpis porttitor vel mattis libero viverra. Sed nisl justo, fringilla eget ultrices ut, venenatis quis magna. Nulla feugiat egestas mattis. Phasellus sed dignissim justo. Etiam malesuada bibendum urna, id dapibus nulla posuere eu.</p>
    <p>3) Curabitur pulvinar tellus venenatis ipsum tempus lobortis. Vestibulum eros velit, bibendum at aliquet ut, placerat sed mauris.</p>
</TextFlow>
